<?xml version="1.0" encoding="UTF-8"?>
<project-private xmlns="http://www.netbeans.org/ns/project-private/1">
    <editor-bookmarks xmlns="http://www.netbeans.org/ns/editor-bookmarks/2" lastBookmarkId="0"/>
    <open-files xmlns="http://www.netbeans.org/ns/projectui-open-files/2">
        <group>
            <file>file:/C:/Users/Lenovo/Documents/NetBeansProjects/inventory_%20management/src/inventory_/management/LoginPage.java</file>
            <file>file:/C:/Users/Lenovo/Documents/NetBeansProjects/inventory_%20management/src/inventory_/management/Inventory_Management.java</file>
            <file>file:/C:/Users/Lenovo/Documents/NetBeansProjects/inventory_%20management/src/inventory_/management/InventoryControl.java</file>
            <file>file:/C:/Users/Lenovo/Documents/NetBeansProjects/inventory_%20management/src/inventory_/management/Dashboard.java</file>
            <file>file:/C:/Users/Lenovo/Documents/NetBeansProjects/inventory_%20management/src/inventory_/management/tblModel.java</file>
            <file>file:/C:/Users/Lenovo/Documents/NetBeansProjects/inventory_%20management/src/inventory_/management/ShowCart.java</file>
            <file>file:/C:/Users/Lenovo/Documents/NetBeansProjects/inventory_%20management/src/inventory_/management/Purchase.java</file>
        </group>
    </open-files>
</project-private>
